kanji,kana,meaningZh,exampleJa,exampleZh
突然,とつぜん ⓪,突然,突然大雨が降り出しました。,突然下起了大雨。
大雨,おおあめ ③,大雨,今日は大雨の恐れがあります。,今天可能有大雨。
人々,ひとびと ②,人们,多くの人々がそのイベントに参加した。,许多人参加了那个活动。
慌てる,あわてる ⓪,急忙、慌张,時間がなくて慌てて家を出ました。,因为没时间，慌慌张张地出门了。
短気,たんき ①,急性子、没耐心,彼は短気な性格なので、すぐ怒る。,他是急性子，所以很快就生气。
付き合う,つきあう ③,交往、陪伴,彼女と三年間付き合っています。,和她交往了三年。
夢中,むちゅう ⓪,热衷、入迷、忘我,彼は漫画を読むのに夢中だ。,他正沉迷于看漫画。
険しい,けわしい ③,险峻的、严峻的,富士山への道は険しいですが、最高です。,富士山的路很险峻，但景色很棒。
酸素,さんそ ①,氧气,頂上に近づくと、酸素が薄くなります。,接近山顶时，氧气会变得稀薄。
薄い,うすい ⓪,薄的、稀薄的,高い山の上では、空気が薄いです。,在高山上空气很稀薄。
登山,とざん ①,登山,週末、友達と一緒に登山に行きました。,周末和朋友一起去登山了。
届く,とどく ②,送到、到达,田舎の両親から荷物が届きました。,乡下父母寄来的包裹到了。
圏外,けんがい ⓪,服务区外,山の奥に入ると、携帯が圏外になった。,进入深山后，手机就没信号了。
文字,もじ ①,文字,この看板の文字は小さくて読みにくい。,这个看板上的文字太小，很难读。
電波,でんぱ ①,电波、信号,ここは電波の状態が悪くて、電話が切れる。,这里信号不好，电话断了。
反対,はんたい ⓪,反对,親に反対されましたが、留学を決めました。,虽然被父母反对，但我还是决定留学。
飼う,かう ①,饲养,マンションで大きな犬を飼うのは大変だ。,在公寓里养大狗很辛苦。
玄関,げんかん ①,玄关、门口,お客さんが来たので、玄関まで迎えに行った。,客人来了，所以我去玄关迎接。
しっぽ,しっぽ ③,尾巴,犬がうれしそうにしっぽを振っています。,狗正高兴地摇着尾巴。
全速力,ぜんそくりょく ④,全速,遅刻しそうだったので、全速力で走った。,快要迟到了，所以我全速奔跑。
近づく,ちかづく ③,接近,台風が近づいているので、注意してください。,台风正在接近，请注意。
恥ずかしい,はずかしい ④,害羞的、不好意思的,人前で失敗して、とても恥ずかしかった。,在众人面前失败了，觉得很不好意思。
立ち上がる,たちあがる ⓪,站起来,授業が終わると、学生たちは立ち上がった。,下课后，学生们站了起来。
勝手,かって ⓪,随意、任性,自分の勝手な判断で進めないでください。,请不要根据自己随意的判断进行。
断る,ことわる ③,拒绝,誘われましたが、都合が悪くて断りました。,被邀请了，但因为不方便而拒绝了。
努力,どりょく ①,努力,合格するためには、毎日の努力が必要だ。,为了合格，每天的努力是必要的。
利益,りえき ①,利益、利润,会社は去年に比べて、多くの利益を上げた。,公司比去年获得了更多的利润。
正常,せいじょう ⓪,正常,検査の結果、体の状態は正常でした。,检查结果显示，身体状况正常。
態度,たいど ①,态度,彼は仕事に対して、まじめな態度をとる。,他对待工作持有认真的态度。
精神,せいしん ①,精神、心理,強い精神を鍛えるために、訓練が必要です。,为了磨炼坚强的意志，训练是必要的。
正解,せいかい ⓪,正解、正确答案,難しい問題だったが、正解できた。,这是一个难题，但我答对了。
挨拶,あいさつ ①,问候、打招呼,近所の人に会ったら、挨拶をしましょう。,遇到邻居时，让我们打个招呼吧。
相手,あいて ③,对方、对手,会話の相手が誰かによって、敬語が変わる。,根据谈话对象的不同，敬语也会改变。
立場,たちば ③,立场、所处地位,相手の立場も考えることが大切です。,考虑对方的立场也是很重要的。
正式,せいしき ⓪,正式,契約が正式に結ばれるまで公表できません。,在合同正式签署之前无法公开。
請求,せいきゅう ⓪,请求、索取,サービスを利用して、料金の請求が来た。,使用服务后，收到了费用账单。
政治家,せいじか ⓪,政治家,彼は将来、政治家になりたいと考えている。,他考虑将来成为一名政治家。
首相,しゅしょう ⓪,首相,首相は会見で、新しい政策を説明した。,首相在招待会上说明了新政策。
世紀,せいき ①,世纪,21世紀は技術が急速に発展した時代だ。,21世纪是技术飞速发展的时代。
生産,せいさん ⓪,生产,この工場では、毎日一万台のカメラを作る。,这家工厂每天生产一万台相机。
成績,せいせき ⓪,成绩,彼は毎日勉強しているので、成績がいい。,因为他每天都学习，所以成绩很好。
出身,しゅっしん ⓪,出身、籍贯,田中さんの出身はどこですか。,田中先生的家乡在哪里？
退屈,たいくつ ⓪,无聊、厌倦,長い話を聞いているうちに、退屈した。,听长篇大论时，感到很无聊。
成功,せいこう ⓪,成功,プロジェクトが成功した時、全員で喜んだ。,项目成功时，全团队成员都很高兴。
性格,せいかく ⓪,性格,彼女は明るい性格で、誰とでも仲良くなる。,她性格开朗，和谁都能友好相处。
疑う,うたがう ⓪,怀疑,彼の話が本当かどうか、少し疑っている。,我对他所说的话是否属实持有一点怀疑。
羨ましい,うらやましい ④,羡慕,彼女の歌の才能が羨ましいと思う。,我很羡慕她的歌唱才能。
集中,しゅうちゅう ⓪,集中,周りがうるさくて、勉強に集中できない。,周围很吵，没法集中精力学习。
瞬間,しゅんかん ⓪,瞬间,流れ星を見た瞬間、願い事をした。,看到流星的瞬间许了愿。
愛情,あいじょう ⓪,爱情、爱慕,彼は子供に対して、深い愛情を持っている。,他对孩子们怀有深厚的慈爱。
移す,うつす ②,移动、转移,荷物を新しい部屋に移す作業を手伝った。,帮了忙把行李搬到新房间。
訴える,うったえる ③,诉诸、控告,騒音について、市役所に苦情を訴えた。,关于噪音，向市政府提出了投诉。
失う,うしなう ⓪,失去,事故で友人を失い、深い悲しみを感じた。,在事故中失去了朋友，感到悲伤。
伺う,うかがう ⓪,拜访、问候,明日の午後、先生の家を伺う予定です。,计划明天下午去拜访老师的家。
受け取る,うけとる ⓪,领取、收到,郵便局で小包を受け取るには、印鑑が必要だ。,在邮局领取包裹需要印章。
売れる,うれる ⓪,畅销,この商品は、発売と同時に飛ぶように売れた。,这个新产品一上市就非常畅销。
売り切れる,うりきれる ⓪,售罄,チケットは、十分足らずで売り切れた。,门票在不到十分钟内就售罄了。
埋める,うめる ⓪,填补、埋入,穴を土で埋めて、その上に木を植えた。,用土填埋了坑，并在上面种了树。
裏切る,うらぎる ③,背叛,信頼していた親友に裏切られてショックだ。,被信任的好友背叛，受到了打击。
動き出す,うごきだす ④,开始移动,信号が青に変わると、車が動き出した。,信号灯变绿后，汽车开始启动。
多分,たぶん ①,大概,空が暗いので、多分雨が降るでしょう。,天色很暗，大概会下雨吧。
互い,たがい ⓪,互相,困難な時は、お互いに助け合うことが大切。,困难的时候，互相帮助是很重要的。
直ちに,ただちに ①,立即,事件が発生したので、直ちに警察に通報した。,发生了事件，所以立即向警察报案了。
精々,せいぜい ①,充其量、最多,頑張っても、覚えられるのはせいぜい20個だ。,就算努力，能记住的充其量也就20个。
正確,せいかく ⓪,正确、精准,ニュースは、正確な情報を伝えるべきだ。,新闻应当传递准确的信息。
清潔,せいけつ ⓪,清洁,手を清潔に保つことは、病気の予防になる。,保持手部清洁能预防疾病。
大気,たいき ①,大气,工場の煙が、大気汚染の原因の一つだ。,工厂的烟雾是造成大气污染的原因之一。
大陸,たいりく ⓪,大陆,ユーラシア大陸は、世界で最も大きな大陸だ。,欧亚大陆是世界上面积最大的大陆。
体重,たいじゅう ⓪,体重,毎日決まった時間に体重を測っている。,每天在固定时间测量体重。
体温,たいおん ⓪,体温,病院に入る前に、体温を測った。,进入医院前测量了体温。
体育館,たいいくかん ④,体育馆,卒業式は、全校生徒が集まって体育館で行う。,毕业典礼在体育馆举行。
生命,せいめい ①,生命,医師たちは、一人の生命を救うために尽力した。,医生们为了挽救一个生命而努力。
準備,じゅんび ①,准备,出張の準備に、時間がかかってしまった。,准备出差花了不少时间。
間に合う,まにあう ③,来得及,急げば、10時の電車に間に合います。,快点的话，能赶上10点的电车。
失敗,しっぱい ⓪,失败,初めての料理は失敗したが、楽しかった。,第一次做饭失败了，但过程很开心。
増える,ふえる ②,增加,最近、この町に住む外国人が増えている。,最近，住在这个城镇的外国人正在增加。
詳しい,くわしい ③,详细的、精通的,あの店員さんは商品についてとても詳しい。,那位店员对商品非常熟悉。
片付ける,かたづける ④,收拾、整理,部屋をきれいに片付けてから、友達を呼んだ。,把房间收拾干净后，叫了朋友过来。
遠慮,えんりょ ⓪,客气、顾虑,遠慮しないで、もっとたくさん食べて。,请别客气，再多吃点。
珍しい,めずらしい ④,稀奇、罕见,日本で雪が降るのは珍しいことではない。,在日本下雪并不是什么稀罕事。
確か,たしか ①,确实,彼は確か、昨日ここに来たはずです。,他昨天确实应该来过这里。
複雑,ふくざつ ⓪,复杂,この機械は操作が複雑で、使いにくい。,这台机器操作复杂，很难用。
危険,きけん ⓪,危险,この道は夜一人で歩くのは危険です。,这条路晚上一个人走很危险。
訪ねる,たずねる ③,访问,明日、京都の古いお寺を訪ねる予定です。,计划明天去拜访京都的古老寺庙。
なるほど,なるほど ⓪,原来如此,なるほど、あなたの言うことはよくわかった。,原来如此，我明白你说的话了。
やっぱり,やっぱり ③,果然,やっぱり、このレストランは人気があるね！,果然，这家餐厅很受欢迎啊！
せっかく,せっかく ⓪,特意、好不容易,せっかく準備したのに、雨で中止になった。,特意准备了，却因为下雨中止了。
わざと,わざと ①,故意,彼はわざと負けたのかもしれない。,他说不定是故意输掉的。
ついに,ついに ①,终于,長い間研究を続けて、ついに答えを見つけた。,持续研究了很久，终于找到了答案。
どうしても,どうしても ①,无论如何,どうしてもこの映画が見たかった。,我无论如何都想看这部电影。
うっかり,うっかり ②,不留神,うっかりして、財布を忘れてきてしまった。,一不留神，把钱包给忘了。
ぎりぎり,ぎりぎり ⓪,勉强、极限,締め切りにぎりぎり間に合った。,勉强赶上了截止日期。
のんびり,のんびり ③,悠闲,休みの日は、家でのんびり過ごすのが好きだ。,休息日喜欢在家里悠闲地度过。
呼び出し,よびだし ⓪,呼叫,迷子のお知らせで、名前を呼び出された。,广播寻找走失儿童时，叫到了名字。
犯人,はんにん ①,犯人,警察が、事件の犯人を捕まえました。,警察抓住了案件的犯人。
警官,けいかん ⓪,警官,道に迷ったので、警官に尋ねました。,因为迷路了，所以向警官询问。
撃つ,うつ ①,开枪、射击,犯人が、銃を空に向けて撃ちました。,犯人朝空中开了一枪。
重傷,じゅうしょう ⓪,重伤,彼は事故で重傷を負いましたが、命は助かった。,他在事故中受了重伤，但保住了性命。
負う,おう ⓪,负、担负,彼は仕事に対して、大きな責任を負っている。,他对工作承担着巨大的责任。
決心,けっしん ①,下决心,彼は日本へ行くことを決心した。,他下定决心要去日本。
看護師,かんごし ③,护士,彼女は将来、看護師になりたいそうだ。,听说她将来想当护士。
返却,へんきゃく ⓪,返还、归还,借りた本を、明日までに返却しなければならない。,借的书必须在明天之前归还。
ゆうべ,ゆうべ ⓪,昨晚,ゆうべは、遅くまで勉強していました。,昨晚一直学习到很晚。
蚊,か ⓪,蚊子,部屋に蚊がいて、なかなか眠れなかった。,房间里有蚊子，怎么也睡不着。
かゆい,かゆい ②,痒,蚊に刺されたところが、とてもかゆいです。,被蚊子叮的地方非常痒。
肌,はだ ①,皮肤,彼女は肌がきれいで、若く見えます。,她皮肤很好，看起来很年轻。
掻く,かく ①,挠、抓,かゆいところを掻きすぎて、血が出た。,抓痒抓得太厉害，出血了。
通勤,つうきん ⓪,通勤、上下班,毎日、電車で一時間かけて通勤しています。,每天花一小时坐电车上下班。
素敵,すてき ⓪,极好、漂亮,そのドレス、とても素敵ですね。,那件连衣裙，非常漂亮呢。
令愛,れいあい ⓪,令爱（对他女儿称呼）,田中さんのご令愛は、今年大学生になる。,田中先生的令爱今年要成为大学生。
非常,ひじょう ⓪,非常,今日のテストは、非常に難しかったです。,今天的考试非常难。
水不足,みずぶそく ④,缺水、干旱,雨が降らないので、深刻な水不足になった。,因为不下雨，导致了严重的缺水。
新入社員,しんにゅうしゃいん ⑤,新职员,春に、十人の新入社員が入社しました。,春天有十名新员工入职了。
倍,ばい ⓪,倍数,物価が、十年前の二倍になった。,物价变成了十年前的两倍。
単位,たんい ①,单位、学分,卒業するために、あと十単位必要です。,为了毕业，还需要十个学分。
就職,しゅうしょく ⓪,就职、工作,兄は卒業後、地元の銀行に就職しました。,哥哥毕业后在当地的银行就职了。
画面,がめん ①,画面、屏幕,スマホの画面が割れてしまった。,手机屏幕碎了。
調査,ちょうさ ①,调查,最近の若者の流行について調査した。,调查了最近年轻人的流行趋势。
不景気,ふけいき ②,经济萧条,不景気の影響で、アルバイトが減っている。,受经济萧条影响，兼职在减少。
消費者,しょうひしゃ ③,消费者,消費者の意見を商品に反映させる。,将消费者的意见反映在产品中。
呼び出し,よびだし ⓪,呼叫、传唤,迷子のお知らせで、名前を呼び出された。,广播寻找走失儿童时，叫到了名字。
犯人,はんにん ①,犯人,警察が、事件の犯人を捕まえました。,警察抓住了案件的犯人。
警官,けいかん ⓪,警官,道に迷ったので、警官に尋ねました。,因为迷路了，所以向警官询问。
撃つ,うつ ①,开枪、射击,犯人が、銃を空に向けて撃ちました。,犯人朝空中开了一枪。
重傷,じゅうしょう ⓪,重伤,彼は事故で重傷を負いましたが、命は助かった。,他在事故中受了重伤，但保住了性命。
負う,おう ⓪,负、担负,彼は仕事に対して、大きな責任を負っている。,他对工作承担着巨大的责任。
決心,けっしん ①,下决心,彼は日本へ行くことを決心した。,他下定决心要去日本。
看護師,かんごし ③,护士,彼女は将来、看護師になりたいそうだ。,听说她将来想当护士。
返却,へんきゃく ⓪,返还、归还,借りた本を、明日までに返却しなければならない。,借的书必须在明天之前归还。
ゆうべ,ゆうべ ⓪,昨晚,ゆうべは、遅くまで勉強していました。,昨晚一直学习到很晚。
蚊,か ⓪,蚊子,部屋に蚊がいて、なかなか眠れなかった。,房间里有蚊子，怎么也睡不着。
かゆい,かゆい ②,痒,蚊に刺されたところが、とてもかゆいです。,被蚊子叮的地方非常痒。
肌,はだ ①,皮肤,彼女は肌がきれいで、若く见えます。,她皮肤很好，看起来很年轻。
掻く,かく ①,挠、抓,かゆいところを掻きすぎて、血が出た。,抓痒抓得太厉害，出血了。
通勤,つうきん ⓪,通勤、上下班,毎日、電車で一時間かけて通勤しています。,每天花一小时坐电车上下班。
素敵,すてき ⓪,极好、漂亮,そのドレス、とても素敵ですね。,那件连衣裙，非常漂亮呢。
令愛,れいあい ⓪,令爱（对他女儿称呼）,田中さんのご令愛は、今年大学生になる。,田中先生的令爱今年要成为大学生。
非常,ひじょう ⓪,非常,今日のテストは、非常に難しかったです。,今天的考试非常难。
水不足,みずぶそく ④,缺水、干旱,雨が降らないので、深刻な水不足になった。,因为不下雨，导致了严重的缺水。
新入社員,しんにゅうしゃいん ⑤,新职员,春に、十人の新入社員が入社しました。,春天有十名新员工入职了。
倍,ばい ⓪,倍数,物価が、十年前の二倍になった。,物价变成了十年前的两倍。
単位,たんい ①,单位、学分,卒業するために、あと十単位必要です。,为了毕业，还需要十个学分。
就職,しゅうしょく ⓪,就职、工作,兄は卒業後、地元の銀行に就職しました。,哥哥毕业后在当地的银行就职了。
画面,がめん ①,画面、屏幕,スマホの画面が割れてしまった。,手机屏幕碎了。
調査,ちょうさ ①,调查,最近の若者の流行について調査した。,调查了最近年轻人的流行趋势。
不景気,ふけいき ②,经济萧条,不景気の影響で、アルバイトが減っている。,受经济萧条影响，兼职在减少。
消費者,しょうひしゃ ③,消费者,消費者の意見を商品に反映させる。,将消费者的意见反映在产品中。
噂,うわさ ⓪,传闻,その噂は、あっという間に広がった。,那个传闻一转眼就传开了。
寂しい,さびしい ③,寂寞,一人暮らしは、時々寂しく感じます。,一个人生活有时会感到寂寞。
意外,いがい ⓪,意外,彼は真面目そうに見えて、意外に面白い。,他看起来很认真，想不到挺有趣的。
性能,せいのう ⓪,性能,このカメラは性能がいいので、きれいに撮れる。,这台相机性能很好，拍得很漂亮。
おしゃべり,おしゃべり ⓪,聊天,授業中におしゃべりをして、先生に怒られた。,上课聊天被老师批评了。
残業,ざんぎょう ⓪,加班,仕事が終わらないので、今日は残業します。,工作没做完，今天加班。
減る,へる ⓪,减少,最近、この町の人口が減っています。,最近这个城市的人口正在减少。
諦める,あきらめる ④,放弃,夢を諦めないで、頑張り続けてください。,请不要放弃梦想，继续努力。
しょうがない,しょうがない ⓪,没办法,壊れてしまったものは、もうしょうがない。,已经弄坏的东西，也没办法了。
手伝う,てつだう ③,帮忙,重い荷物を持つのを手伝ってください。,请帮我拿一下沉重的行李。
教師,きょうし ①,教师,私の父は、高校の数学の教師です。,我父亲是高中的数学老师。
チェック,チェック ①,检查,提出する前に、もう一度チェックしてください。,提交之前请再检查一遍。
鳴る,なる ⓪,响,授業の終わりのチャイムが鳴りました。,下课铃响了。
飛び乗る,とびのる ③,跳上（车等）,急いで電車に飛び乗りました。,急忙跳上了电车。
反対方向,はんたいほうこう ④,相反方向,間違えて、反対方向の電車に乗った。,坐错了，上了相反方向的车。
間違い電話,まちがいでんわ ⑤,打错电话,夜中に間違い電話がかかってきて驚いた。,半夜接到打错的电话吓了一跳。
年末,ねんまつ ⓪,年末,年末は、仕事がとても忙しくなります。,年末工作会变得非常忙碌。
猫の手も借りたい,ねこのてもかりたい ⓪,忙得不可开交,今日は忙しくて、猫の手も借りたいほどだ。,今天忙得简直想找猫来帮忙。
ランチタイム,ランチタイム ③,午餐时间,ランチタイムは、どこのレストランも混んでいる。,午餐时间哪家餐厅都人满为患。
伝統,でんとう ⓪,传统,日本の伝統的なお祭りに参加した。,参加了日本的传统节日。
急に,きゅうに ⓪,突然,急に雨が降ってきたので、雨宿りをした。,突然下起雨来，于是去躲雨了。
背中,せなか ⓪,后背,彼は背中が広くて、頼りがいがある。,他的背影很宽阔，很可靠。
息が止まる,いきがとまる ⓪,屏住呼吸,その美しさに、思わず息が止まった。,屏息于那份美丽。
婚約指輪,こんやくゆびわ ⑤,订婚戒指,彼は彼女に、高価な婚約指輪を贈った。,他送了她一枚昂贵的订婚戒指。
ドラマ,ドラマ ①,连续剧,私は最近、日本のドラマにハマっています。,我最近迷上了日剧。
内容,ないよう ①,内容,この本の内容は、とても分かりやすい。,这本书的内容非常通俗易懂。
文章,ぶんしょう ①,文章,彼は美しい文章を書くのが得意だ。,他擅长写优美的文章。
全体,ぜんたい ⓪,全体,クラス全体で、文化祭の準備をした。,全班同学一起准备了文化节。
険しい,けわしい ③,险峻,山道は険しいですが、景色は最高です。,山路虽然险峻，但景色是最棒的。
日課,にっか ⓪,每天的例行公事,毎朝ジョギングをするのが私の日課だ。,每天早上慢跑是我的日常例行。
ひも,ひも ⓪,绳子,靴のひもを結び直しました。,重新系好了鞋带。
振る,ふる ⓪,挥、摇,彼女は駅のホームで手を振った。,她在车站站台挥了挥手。
ハト,ハト ①,鸽子,公園でハトにエサをあげている人がいる。,有人在公园里给鸽子喂食。
ベル,ベル ①,铃,玄関のベルが鳴ったので、出迎えに行った。,门铃响了，于是去迎接。
観客,かんきゃく ⓪,观众,コンサート会場は、多くの観客で埋まった。,演唱会现场挤满了观众。
いっせいに,いっせいに ⓪,齐声、一齐,鳥たちが、いっせいに空へ飛び立った。,鸟儿们一齐飞向天空。
向かう,むかう ⓪,前往、面对,電車は、東京駅に向かって走っている。,列车正向东京站行驶。
登場,とうじょう ⓪,登场,映画の最後に、有名な俳優が登場した。,电影最后，著名的演员登场了。
クッキー,クッキー ①,曲奇、小甜饼,彼女が焼いたクッキーは、とても美味しい。,她烤的曲奇非常好吃。
馬,うま ②,马,牧場で、馬に乗る体験をしました。,在牧场体验了骑马。
思い出す,おもいだす ④,想起,小さい頃の楽しかった思い出を思い出した。,想起了小时候快乐的回忆。
営業時間,えいぎょうじかん ⑤,营业时间,この店の営業時間は、夜十時までです。,这家店的营业时间到晚上十点。
昼過ぎ,ひるすぎ ⓪,过午,昼過ぎに、友達と駅で待ち合わせた。,刚过中午，和朋友在车站碰头了。
休館日,きゅうかんび ③,闭馆日,せっかく来たのに、今日は美術館の休館日だった。,特意赶来，今天却是美术馆的闭馆日。
目覚まし時計,めざましどけい ⑤,闹钟,目覚まし時計をセットするのを忘れた。,忘了定闹钟。
家事,かじ ①,家务,週末は、溜まった家事をまとめて片付ける。,周末把积攒的家务一并处理。
おもちゃ,おもちゃ ②,玩具,子供におもちゃを買い与えました。,给孩子买了玩具。
片思い,かたおもい ⓪,单相思,彼は、クラスの女の子に片思いをしている。,他正在单恋班上的一个女孩。
はち,はち ②,蜜蜂,庭で、はちに刺されてしまった。,在院子里被蜜蜂蛰了。
無視,むし ①,忽视、无视,挨拶をしたのに、無視されてしまった。,虽然打了招呼，但却被无视了。
急停車,きゅうていしゃ ③,紧急停车,踏切内に人がいたため、電車が急停車した。,因为道口有人，电车紧急停车了。
ウサギ,ウサギ ⓪,兔子,ウサギは耳が長くて、とてもかわいい。,兔子的耳朵很长，非常可爱。
スーツケース,スーツケース ④,行李箱,旅行のために、大きなスーツケースを買った。,为了旅行买了个大的行李箱。
中身,なかみ ②,内容物,袋の中身を確認してください。,请确认袋子里的东西。
頭痛,ずつう ⓪,头痛,昨日は、ひどい頭痛に悩まされた。,昨天深受剧烈头痛的困扰。
早退,そうたい ⓪,早退,体調が悪いので、今日は早退します。,身体不舒服，今天早退。
束,たば ②,束、捆,彼女に、美しい花束をプレゼントした。,送了她一束美丽的花。
製品,せいひん ⓪,产品,日本の家電製品は、海外でも人気がある。,日本的家电产品在海外也很受欢迎。
旅,たび ②,旅行,卒業したら、世界一周の旅に出たい。,毕业后想去环游世界旅行。
度々,たびたび ⓪,屡次,彼は、度々会議に遅刻してくる。,他屡次开会迟到。
成人,せいじん ⓪,成年人,日本では、十八歳から成人と認められる。,在日本，18岁被认定为成年人。
唯,ただ ①,只是,彼は、ただの友達にすぎません。,他只不过是个普通朋友。
逮捕,たいほ ①,逮捕,泥棒が、警察に逮捕されました。,小偷被警察逮捕了。
体育,たいいく ①,体育,私は、学校の科目の中で体育が一番好きだ。,在学校科目中我最喜欢体育。
大会,たいかい ⓪,大会、比赛,テニス大会に出場して、優勝した。,参加了网球大赛并获得了冠军。
大半,たいはん ⓪,大半,仕事の大半が、終わりました。,大部分工作都已经完成了。
大量,たいりょう ⓪,大量,スーパーで、食料品を大量に買った。,在超市买了大量的食品。
责任,せきにん ⓪,责任,自分の言動には、責任を持つべきだ。,应当对自己的言行负责。
大戦,たいせん ⓪,大战,第二次世界大戦について学んだ。,学习了关于第二次世界大战的内容。
石炭,せきたん ③,石煤,昔は、暖房に石炭が使われていた。,以前煤被用于取暖。
大使,たいし ①,大使,彼は、日本大使としてアメリカへ行った。,他作为日本大使去了美国。
石油,せきゆ ⓪,石油,石油の価格が上がって、家計が苦しい。,石油价格上涨，家里的开支很吃紧。
大した,たいした ①,了不起的,彼は、大した才能の持ち主だ。,他是个很有才华的人。
対象,たいしょう ⓪,对象,この映画は、子供を対象に作られている。,这部电影是面向儿童制作的。
設計,せっけい ⓪,设计,彼は、新しい橋の設計を担当した。,他负责了新桥的设计。
体操,たいそう ⓪,体操,毎朝、ラジオ体操をするのが習慣だ。,每天早上做广播体操是我的习惯。
对する,たいする ③,对于,先生に対する、敬意を忘れてはいけない。,不能忘记对老师的敬意。
大抵,たいてい ⓪,大概、一般,休みの日は、大抵家で本を読んでいる。,休息日我一般都在家里看书。
偶々,たまたま ⓪,偶然,街で、たまたま旧友に会った。,在街上偶然遇到了老朋友。
説明会,せつめいかい ③,说明会,会社の入社説明会に参加しました。,参加了公司的入职说明会。
暗記,あんき ⓪,背诵、暗记,試験のために、単語を暗記した。,为了考试背了单词。
有らゆる,あらゆる ③,所有的,有らゆる可能性を、検討してみよう。,让我们探讨一下所有的可能性吧。
新た,あらた ①,重新、新,新たな気持ちで、仕事を始めます。,以崭新的心情开始工作。
集まり,あつまり ③,聚会,今夜は、友達の集まりがある。,今晚有个朋友聚会。
読書,どくしょ ①,读书,趣味は、読書と音楽鑑賞です。,兴趣是读书和欣赏音乐。
同一,どういつ ⓪,同一、一样,彼らは、同一の犯人グループだと判明した。,查明他们是同一个犯罪团伙。
会計,かいけい ⓪,会计、结账,会計を済ませてから、店を出た。,结完账后离开了店。
科目,かもく ⓪,科目,好きな科目は、歴史と地理です。,喜欢的科目是历史和地理。
使用,しよう ⓪,使用,授業中の携帯電話の使用は、禁止です。,上课禁止使用手机。
食品,しょくひん ⓪,食品,このスーパーは、新鮮な食品を扱っている。,这家超市经营新鲜食品。
入場,にゅうじょう ⓪,入场,入場料は、一人五百円です。,门票是每人500日元。
収める,おさめる ③,收纳、获得,彼は、素晴らしい成果を収めた。,他取得了辉煌的成果。
お昼,おひる ⓪,午饭、中午,お昼は、何を食べましたか。,午饭吃了什么？
连续,れんぞく ⓪,连续,三日間連続で雨が降っています。,已经连续下了三天的雨。
積極的,せっきょくてき ⓪,积极的,彼は仕事に対して非常に積極的です。,他对待工作非常积极。
責める,せめる ②,责备、责怪,失敗をあまり自分自身で責めないでください。,请不要因为失败而过分责怪自己。
宣伝,せんでん ⓪,宣传,新商品の宣伝のためにテレビCMを流しました。,为了宣传新产品，播放了电视广告。
太陽,たいよう ①,太阳,太陽の光を浴びて、植物が育ちます。,沐浴着阳光，植物生长。
先日,せんじつ ⓪,前几天、前些日子,先日はお忙しい中、ありがとうございました。,前些日子在百忙之中，非常感谢。
滞在,たいざい ⓪,停留、逗留,日本に三ヶ月間滞在する予定です。,打算在日本停留三个月。
専攻,せんこう ⓪,专业、专攻,大学では経済学を専攻しています。,在大学里专业是经济学。
専門,せんもん ⓪,专门、专业,彼の専門は人工知能の研究です。,他的专业是人工智能研究。
宝,たから ⓪,宝物,家族は私にとって一番の宝です。,家人对我来说是最珍贵的宝物。
専門家,せんもんか ⓪,专家,この問題について、専門家に相談しましょう。,关于这个问题，咨询一下专家吧。
弾,たま ②,子弹、弹丸,犯人は空に向かって弾を撃ちました。,犯人朝着天空发射了子弹。
選手,せんしゅ ①,选手、运动员,彼はオリンピックの選手に選ばれました。,他被选为奥林匹克运动员。
貯まる,たまる ⓪,积攒、存下,毎日少しずつお金が貯まってきました。,每天一点点，钱终于攒下来了。
選択,せんたく ①,选择,将来の道を選択するのは自分自身です。,选择未来的道路是靠你自己。
貯める,ためる ⓪,存（钱）、积累,旅行に行くために、アルバイトでお金を貯める。,为了去旅行，打工存钱。
説,せつ ①,学说、说法,この病気の原因にはいろいろな説があります。,关于这种病的起因有各种说法。
試し,ためし ③,尝试、试用,試しに一度このソフトを使ってみてください。,请试着使用一下这个软件。
設備,せつび ①,设备、设施,このジムは最新の設備が整っています。,这家健身房配备了最新的设施。
試す,ためす ②,尝试、测试,新しい化粧品を肌で試してみました。,在皮肤上试用了新的化妆品。
節約,せつやく ⓪,节约,生活費を節約するために、自炊をしています。,为了节约生活费，我坚持自己做饭。
種,たね ①,种子、种类,庭に花の種をまきました。,在院子里撒了花的种子。
単語,たんご ⓪,单词,毎日十個ずつ新しい単语を覚えています。,每天记住十个新单词。
喋る,しゃべる ②,谈话、聊天,彼女は友達と楽しそうにお喋りしています。,她正和朋友愉快地聊天。
谷,たに ②,山谷,谷の底をきれいな川が流れています。,山谷底部流淌着清澈的河流。
車道,しゃどう ⓪,车行道,車道を歩くのは危ないので歩道を歩きましょう。,走车行道很危险，请走人行道。
社員,しゃいん ①,职员,彼は大手自動車会社の社員です。,他是一家大型汽车公司的职员。
単位,たんい ①,单位、学分,卒業するためにあと二単位足りません。,为了毕业还差两个学分。
借金,しゃっきん ⓪,借款、债,彼は多額の借金を抱えています。,他背负着巨额债务。
他人,たにん ⓪,他人、别人,他人の意見に振り回されないようにしよう。,尽量不要被他人的意见所左右。
詩,し ①,诗歌,彼は美しい自然についての詩を書きました。,他写了一首关于美丽大自然的诗。
幸せ,しあわせ ⓪,幸福,家族と過ごす時間が一番の幸せです。,和家人度过的时光是最幸福的。
単なる,たんなる ①,仅仅、纯粹,それは単なる噂にすぎません。,那仅仅是传闻而已。
芝居,しばい ⓪,戏剧,週末に友達と芝居を見に行きました。,周末和朋友去看了戏剧。
誕生,たんじょう ⓪,诞生,新しい命の誕生を家族全員で祝いました。,全家人一起庆祝了新生命的诞生。
芝生,しばふ ⓪,草坪,芝生の上でピクニックをするのが好きです。,喜欢在草坪上野餐。
縛る,しばる ②,捆、绑,古い新聞をひもで縛って出しました。,用绳子捆好旧报纸拿了出去。
単純,たんじゅん ⓪,简单、单纯,この機械の使い方は非常に単純です。,这个机器的使用方法非常简单。
屡々,しばしば ①,屡次、常常,この地域ではしばしば地震が起きます。,这个地区经常发生地震。
楽しむ,たのしむ ③,享受、欣赏,週末は家で映画を見て楽しみました。,周末在家里看电影享受生活。
担当,たんとう ⓪,担任、负责,今回のプロジェクトの担当は私です。,这次项目的负责人是我。
死亡,しぼう ⓪,死亡,事故による死亡者は三名でした。,事故导致的死亡人数为三名。
次第に,しだいに ⓪,逐渐,雨は次第に弱くなってきました。,雨逐渐变小了。
倒す,たおす ②,弄倒、打倒,強風で庭の木が倒されてしまいました。,院子里的树被强风吹倒了。
確かめる,たしかめる ④,确认,忘れ物がないか、もう一度確かめてください。,请再确认一下有没有忘带东西。
指導,しどう ⓪,指导,先生の熱心な指導のおかげで合格しました。,多亏老师的热心指导，我合格了。
磁石,じしゃく ①,磁铁,砂遊びで磁石を使って砂鉄を集めました。,玩沙子时用磁铁收集了沙铁。
確か,たしか ①,确切、大概,彼が言ったことは確かだと思います。,我觉得他说的话是确切的。
地面,じめん ①,地面,落ち葉が地面を覆っています。,落叶覆盖了地面。
足下,あしもと ③,脚下、身边,暗いので足下に注意して歩いてください。,天很黑，请注意脚下行走。
湿気,しっけ ⓪,湿气、潮湿,梅雨の時期は家の中の湿気がすごいです。,梅雨季节屋里的湿气很重。
自慢,じまん ⓪,自夸、骄傲,彼は自分の新しい時計を自慢しています。,他在显摆自己的新表。
沈む,しずむ ⓪,沉没、下沉,太陽が水平線の向こうに沈んでいきました。,太阳向水平线的那头沉下去了。
縛る,しばる ②,束缚、捆,規則で時間を縛られるのは嫌いです。,讨厌被规则束缚时间。
締める,しめる ②,系、勒紧,ネクタイを締めて会社に行きます。,系上领带去公司。
地元,じもと ⓪,当地,卒業後は地元の市役所で働きたい。,毕业后想在当地的市政府工作。
湿る,しめる ⓪,变湿、潮湿,雨で服が湿ってしまい、気持ち悪いです。,衣服被雨淋湿了，感觉很不舒服。
下着,したぎ ⓪,内衣,毎日新しい下着に取り替えます。,每天换洗新的内衣。
霜,しも ②,霜,寒い朝、地面に白い霜が降りていました。,寒冷的早晨，地面结了白霜。
邪魔,じゃま ⓪,妨碍,勉強の邪魔をしないでください。,请不要妨碍我学习。
借金,しゃっきん ⓪,借债,借金を返済するために一生懸命働きます。,为了还债，我拼命工作。
集会,しゅうかい ⓪,集会,公園で環境保護のための集会が開かれた。,公园里举行了为了环保的集会。
重大,じゅうだい ⓪,重大,彼は重大なミスを犯してしまいました。,他犯了一个重大的错误。
収穫,しゅうかく ⓪,收获,秋は作物を収穫する忙しい時期です。,秋天是收获农作物的忙碌时节。
重点,じゅうてん ⓪,重点,この章は試験に出るので、重点的に学びます。,这一章会考，所以要重点学习。
集合,しゅうごう ⓪,集合,明日の朝8時に駅の東口に集合してください。,请明天早上8点在车站东出口集合。
渋滞,じゅうたい ⓪,堵塞,事故のせいで、高速道路が渋滞しています。,因为事故，高速公路正在堵车。
修正,しゅうせい ⓪,修正,書類の間違いを修正して再提出した。,修正了文件中的错误并重新提交。
宿泊,しゅくはく ⓪,住宿,温泉旅館に一晩宿泊しました。,在温泉旅馆住了一晚。
集団,しゅうだん ⓪,集团、集体,鳥の集団が南へ飛んでいきました。,一群鸟向南飞去了。
手術,しゅじゅつ ①,手术,彼は昨日、胃の手術を受けました。,他昨天做了胃部手术。
集中,しゅうちゅう ⓪,集中,勉強に集中するために、携帯の電源を切る。,为了集中精力学习，关掉了手机。
首相,しゅしょう ⓪,首相,首相が新しい経済政策を発表しました。,首相宣布了新的经济政策。
収入,しゅうにゅう ⓪,收入,最近、支出が収入を上回って困っています。,最近支出超过了收入，很发愁。
首都,しゅと ①,首都,日本の首都は東京です。,日本的首都是东京。
終点,しゅうてん ⓪,终点,この電車は終点の新宿まで行きます。,这班电车开往终点站新宿。
主任,しゅにん ⓪,主任,彼は開発チームの主任を務めています。,他担任开发团队的主任。
重宝,じゅうほう ①,珍视、便利,このナイフは料理に重宝しています。,这把刀在做饭时非常管用。
主要,しゅよう ⓪,主要,観光客は京都の主要な寺院を訪れます。,游客们游览了京都的主要寺庙。
宿題,しゅくだい ⓪,作业,宿題を忘れて先生に叱られました。,忘了做作业，被老师批评了。
種類,しゅるい ①,种类,この店にはいろいろな種類のケーキがある。,这家店有各种各样的蛋糕。
塾,じゅく ①,补习班,放課後、毎日塾に通っています。,下课后每天都去补习班。
瞬間,しゅんかん ⓪,瞬间,ゴールを決めた瞬間、歓声が上がった。,进球的一瞬间，欢呼声响起。
出勤,しゅっきん ⓪,上班,彼は毎朝8時に出勤します。,他每天早上8点上班。
順序,じゅんじょ ①,顺序,正しい順序で組み立ててください。,请按照正确的顺序组装。
出身,しゅっしん ⓪,出身、籍贯,あなたの出身はどちらですか。,你的家乡在哪里？
準備,じゅんび ①,准备,明日の試験の準備はもうできましたか。,明天考试的准备做好了吗？
出席,しゅっせき ⓪,出席,明日の会議には必ず出席してください。,明天的会议请务必出席。
少々,しょうしょう ①,稍微、一些,塩を少々加えて味を調えます。,加少许盐调味。
出発,しゅっぱつ ⓪,出发,電車は定刻通りに出発しました。,电车准时出发了。
正午,しょうご ①,正午,正午に学校のチャイムが鳴ります。,正午学校的铃声响了。
出版,しゅっぱん ⓪,出版,彼の新しい小説が来月出版されます。,他的新小说下个月出版。
商品,しょうひん ①,商品,この商品は非常に人気があります。,这个商品非常受欢迎。
主張,しゅちょう ⓪,主张、坚持,彼は自分の意見を強く主張しました。,他强烈主张自己的意见。
勝負,しょうぶ ①,胜负、比赛,最後の最後まで勝負はわかりません。,比赛不到最后不知胜负。
首相,しゅしょう ⓪,首相,外国の首相が日本を訪問しました。,外国首相访问了日本。
消費,しょうひ ⓪,消费,電気の消費を抑えるために節電します。,为了减少电力消费而省电。
手段,しゅだん ①,手段、方式,交通手段として自転車を使っています。,作为交通工具使用自行车。
症状,しょうじょう ③,症状,風邪の症状がひどくなってきた。,感冒的症状变得严重了。
主婦,しゅふ ①,家庭主妇,彼女は家事と育児をこなす専業主婦です。,她是兼顾家务和育儿的全职主妇。
正直,しょうじき ③,正直、老实,彼は自分の間違いを正直に認めました。,他老实地承认了自己的错误。
保存,ほぞん ⓪,保存,作成したファイルを保存してください。,请保存创建的文件。
宛先,あてさき ⓪,收件地址,メールの宛先を間違えてしまった。,搞错了邮件的收件人。
湯,ゆ ①,热水,お風呂にお湯を入れました。,往浴缸里倒了热水。
咳,せき ②,咳嗽,喉が痛くて、咳が止まらない。,嗓子痛，咳嗽不止。
救助,きゅうじょ ①,救助,事故現場で、負傷者の救助が行われた。,事故现场进行了伤员营救。
給料,きゅうりょう ①,工资,彼は、毎月の給料を貯金している。,他把每月的工资都存了起来。
休暇,きゅうか ⓪,假期,来週から、一週間の休暇を取ります。,从下周开始请一周假。
休憩,きゅうけい ⓪,休息,疲れたので、少し休憩しましょう。,累了，稍微休息一下吧。
石炭,せきたん ③,煤炭,この発電所では、石炭を燃やしている。,这家发电厂在燃烧煤炭。
石油,せきゆ ⓪,石油,最近は石油の価格が上がっている。,最近石油价格在上涨。
調子,ちょうし ⓪,情况、状态,体の調子がいいので、散歩に行きます。,身体状态不错，去散个步。
会う,あう ①,见面,駅で、友達と会う約束をした。,约好在车站和朋友见面。
開ける,あける ⓪,打开,部屋が暑いので、窓を開けました。,房间很热，所以打开了窗户。
集まる,あつまる ③,聚集,公園に、たくさんの人が集まった。,公园里聚集了很多人。
続ける,つづける ⓪,继续,諦めないで、勉強を続けてください。,请不要放弃，继续学习。
始まる,はじまる ⓪,开始,コンサートは、七時に始まります。,音乐会七点开始。
終わる,おわる ⓪,结束,テストが終わって、安心しました。,考试结束了，放心了。
出る,でる ①,出、出去,朝八時に、家を出ました。,早上八点离开了家。
入れる,いれる ⓪,放入,バッグに、財布を入れました。,往包里放了钱包。
売る,うる ⓪,卖,古い本を、古本屋に売った。,把旧书卖给了旧书店。
持つ,もつ ①,拿着、持有,重い荷物を、両手で持ちました。,用双手拿了沉重的行李。
知る,しる ⓪,知道,彼の連絡先を、知っていますか。,你知道他的联系方式吗？
使う,つかう ⓪,使用,鉛筆を使って、絵を描きました。,用铅笔画了画。
聞く,きく ⓪,听、询问,音楽を聞きながら、勉強します。,边听音乐边学习。
読む,よむ ①,读,毎晩、寝る前に本を読みます。,每晚睡觉前读书。
言う,いう ⓪,说,先生に、お礼を言いました。,向老师表示了感谢。
運,うん ①,运气,彼は、とても運がいい人です。,他是个运气很好的人。
運転,うんてん ⓪,驾驶,彼は、車の運転がとても上手です。,他开车开得非常好。
運動,うんどう ⓪,运动,健康のために、毎日運動しています。,为了健康每天都在运动。
挨拶,あいさつ ①,问候,元気よく挨拶をしましょう。,让我们精神抖擞地打个招呼吧。
愛情,あいじょう ⓪,爱情,彼は子供に深い愛情を持っている。,他对孩子怀有深厚的爱。
合図,あいず ①,暗号、信号,彼は目で合図を送った。,他用眼神传递了信号。
愛する,あいする ③,爱,彼は家族を深く愛している。,他深爱着他的家人。
あいにく,あいにく ⓪,不凑巧,あいにく、今日は雨ですね。,不凑巧，今天下雨呢。
明かり,あかり ①,灯光,部屋の明かりを消しました。,关掉了房间的灯。
空き,あき ⓪,空位、空间,駐車場に空きがありません。,停车场没有空位。
明らか,あきらか ②,明显,彼のミスは明らかです。,他的错误很明显。
飽きる,あきる ②,厌烦,毎日同じものばかりで飽きた。,每天都是同样的东西，腻了。
握手,あくしゅ ①,握手,試合の後、二人は握手した。,比赛结束后，两人握了手。
嵐,あらし ①,暴风雨,昨夜はひどい嵐だった。,昨晚是场可怕的暴风雨。
表す,あらわす ③,表达、表示,感謝の気持ちを言葉で表す。,用言语表达感激之情。
現れる,あらわれる ④,出现,霧の中から船が現れた。,雾中出现了一艘船。
アルバム,アルバム ⓪,相册,昔のアルバムを見て懐かしむ。,看着旧相册感到怀念。
泡,あわ ②,泡、泡沫,石鹸の泡で手を洗う。,用肥皂泡洗手。
合わせる,あわせる ③,结合、对齐,手を合わせて祈りました。,合掌祈祷了。
安定,あんてい ⓪,安定,生活が安定してきました。,生活逐渐安定了下来。
案内,あんない ③,引导、导游,街を案内してくれました。,帮我带路游览了街道。
幾つ,いくつ ①,几个,卵は幾つありますか。,有几个鸡蛋？
幾ら,いくら ①,多少钱,この本は幾らですか。,这本书多少钱？
医師,いし ①,医生,彼は有名な医師です。,他是一位著名的医生。
維持,いじ ①,维持,健康を維持するために歩く。,为了维持健康而走路。
意識,いしき ①,意识,事故で意識を失いました。,在事故中失去了意识。
異常,いじょう ⓪,异常,機械に異常が見つかった。,机器发现了异常。
椅子,いす ⓪,椅子,椅子に座って休みましょう。,坐在椅子上休息吧。
岩,いわ ②,岩石,大きな岩が道を塞いでいる。,大岩石挡住了路。
祝い,いわい ③,祝贺,出産のお祝いを贈った。,送了生产祝贺礼。
祝う,いわう ②,祝贺,友達の誕生日を祝いました。,庆祝了朋友的生日。
言わば,いわば ①,换言之,彼は言わば私の恩人です。,他换言之是我的恩人。
いわゆる,いわゆる ③,所谓的,彼は、いわゆる天才です。,他是所谓的数学天才。
印刷,いんさつ ⓪,印刷,資料を百枚印刷した。,打印了100份资料。
引退,いんたい ⓪,引退,彼は選手を引退しました。,他退出了运动员生涯。
宇宙,うちゅう ①,宇宙,宇宙旅行が夢です。,太空旅行是我的梦想。
宣伝,せんでん ⓪,宣传,新商品の宣伝のためにテレビCMを流しました。,为了宣传新产品，播放了电视广告。
太陽,たいよう ①,太阳,太陽の光を浴びて、植物が育ちます。,沐浴着阳光，植物生长。
先日,せんじつ ⓪,前几天、前些日子,先日はお忙しい中、ありがとうございました。,前些日子在百忙之中，非常感谢。
滞在,たいざい ⓪,停留、逗留,日本に三ヶ月間滞在する予定です。,打算在日本停留三个月。
専攻,せんこう ⓪,专业、专攻,大学では経済学を専攻しています。,在大学里专业是经济学。
専門,せんもん ⓪,专门、专业,彼の専門は人工知能の研究です。,他的专业是人工智能研究。
宝,たから ⓪,宝物,家族は私にとって一番の宝です。,家人对我来说是最珍贵的宝物。
専門家,せんもんか ⓪,专家,この問題について、専門家に相談しましょう。,关于这个问题，咨询一下专家吧。
弾,たま ②,子弹、弹丸,犯人は空に向かって弾を撃ちました。,犯人朝着天空发射了子弹。
選手,せんしゅ ①,选手、运动员,彼はオリンピックの選手に選ばれました。,他被选为奥林匹克运动员。
貯まる,たまる ⓪,积攒、存下,毎日少しずつお金が貯まってきました。,每天一点点，钱终于攒下来了。
選択,せんたく ①,选择,将来の道を選択するのは自分自身です。,选择未来的道路是靠你自己。
貯める,ためる ⓪,存（钱）、积累,旅行に行くために、アルバイトでお金を貯める。,为了去旅行，打工存钱。
説,せつ ①,学说、说法,この病気の原因にはいろいろな説があります。,关于这种病的起因有各种说法。
試し,ためし ③,尝试、试用,試しに一度このソフトを使ってみてください。,请试着使用一下这个软件。
設備,せつび ①,设备、设施,このジムは最新の設備が整っています。,这家健身房配备了最新的设施。
試す,ためす ②,尝试、测试,新しい化粧品を肌で試してみました。,在皮肤上试用了新的化妆品。
節約,せつやく ⓪,节约,生活費を節約するために、自炊をしています。,为了节约生活费，我坚持自己做饭。
種,たね ①,种子、种类,庭に花の種をまきました。,在院子里撒了花的种子。
喋る,しゃべる ②,谈话、聊天,彼女は友達と楽しそうにお喋りしています。,她正和朋友愉快地聊天。
谷,たに ②,山谷,谷の底をきれいな川が流れています。,山谷底部流淌着清澈的河流。
車道,しゃどう ⓪,车行道,車道を歩くのは危ないので歩道を歩きましょう。,走车行道很危险，请走人行道。
社員,しゃいん ①,职员,彼は大手自動車会社の社員です。,他是一家大型汽车公司的职员。
借金,しゃっきん ⓪,借款、债,彼は多額の借金を抱えています。,他背负着巨额债务。
他人,たにん ⓪,他人、别人,他人の意見に振り回されないようにしよう。,尽量不要被他人的意见所左右。
詩,し ①,诗歌,彼は美しい自然についての詩を書きました。,
他写了一首关于美丽大自然的诗。 ,,,,
,,,,
幸せ,しあわせ ⓪,幸福,家族と過ごす時間が一番の幸せです。,和家人度过的时光是最幸福的。
単なる,たんなる ①,仅仅、纯粹,それは単なる噂にすぎません。,那仅仅是传闻而已。
芝居,しばい ⓪,戏剧,週末に友達と芝居を見に行きました。,周末和朋友去看了戏剧。
誕生,たんじょう ⓪,诞生,新しい命の誕生を家族全員で祝いました。,全家人一起庆祝了新生命的诞生。
芝生,しばふ ⓪,草坪,芝生の上でピクニックをするのが好きです。,喜欢在草坪上野餐。
縛る,しばる ②,捆、绑,古い新聞をひもで縛って出しました。,用绳子捆好旧报纸拿了出去。
単純,たんじゅん ⓪,简单、单纯,この機械の使い方は非常に単純です。,这个机器的使用方法非常简单。
屡々,しばしば ①,屡次、常常,この地域ではしばしば地震が起きます。,这个地区经常发生地震。
楽しむ,たのしむ ③,享受、欣赏,週末は家で映画を見て楽しみました。,周末在家里看电影享受生活。
担当,たんとう ⓪,担任、负责,今回のプロジェクトの担当は私です。,这次项目的负责人是我。
死亡,しぼう ⓪,死亡,事故による死亡者は三名でした。,事故导致的死亡人数为三名。
次第に,しだいに ⓪,逐渐,雨は次第に弱くなってきました。,雨逐渐变小了。 
倒す,たおす ②,弄倒、打倒,強風で庭の木が倒されてしまいました。,院子里的树被强风吹倒了。
指導,しどう ⓪,指导,先生の熱心な指導のおかげで合格しました。,多亏老师的热心指导，我合格了。
磁石,じしゃく ①,磁铁,砂遊びで磁石を使って砂鉄を集めました。,玩沙子时用磁铁收集了沙铁。
地面,じめん ①,地面,落ち葉が地面を覆っています。,落叶覆盖了地面。
自慢,じまん ⓪,自夸、骄傲,彼は自分の新しい時計を自慢しています。,他在显摆自己的新表。
沈む,しずむ ⓪,沉没、下沉,太陽が水平線の向こうに沈んでいきました。,太阳向水平线的那头沉下去了。
締める,しめる ②,系、勒紧,ネクタイを締めて会社に行きます。,系上领带去公司。
地元,じもと ⓪,当地,卒業後は地元の市役所で働きたい。,毕业后想在当地的市政府工作。
湿る,しめる ⓪,变湿、潮湿,雨で服が湿ってしまい、気持ち悪いです。,衣服被雨淋湿了，感觉很不舒服。
下着,したぎ ⓪,内衣,毎日新しい下着に取り替えます。,每天换洗新的内衣。
霜,しも ②,霜,寒い朝、地面に白い霜が降りていました。,寒冷的早晨，地面结了白霜。
邪魔,じゃま ⓪,妨碍,勉強の邪魔をしないでください。,请不要妨碍我学习。
集会,しゅうかい ⓪,集会,公園で環境保護のための集会が開かれた。,公园里举行了为了环保的集会。
重大,じゅうだい ⓪,重大,彼は重大なミスを犯してしまいました。,他犯了一个重大的错误。
収穫,しゅうかく ⓪,收获,秋は作物を収穫する忙しい時期です。,秋天是收获农作物的忙碌时节。
重点,じゅうてん ⓪,重点,この章は試験に出るので、重点的に学びます。,这一章会考，所以要重点学习。
集合,しゅうごう ⓪,集合,明日の朝8時に駅の東口に集合してください。,请明天早上8点在车站东出口集合。
渋滞,じゅうたい ⓪,堵塞,事故のせいで、高速道路が渋滞しています。,因为事故，高速公路正在堵车。
修正,しゅうせい ⓪,修正,書類の間違いを修正して再提出した。,修正了文件中的错误并重新提交。
宿泊,しゅくはく ⓪,住宿,温泉旅館に一晩宿泊しました。,在温泉旅馆住了一晚。
集団,しゅうだん ⓪,集团、集体,鳥の集団が南へ飛んでいきました。,一群鸟向南飞去了。
収入,しゅうにゅう ⓪,收入,最近、支出が収入を上回って困っています。,最近支出超过了收入，很发愁。
首都,しゅと ①,首都,日本の首都は東京です。,日本的首都是东京。
終点,しゅうてん ⓪,终点,この電車は終点の新宿まで行きます。,这班电车开往终点站新宿。
主任,しゅにん ⓪,主任,彼は開発チームの主任を務めています。,他担任开发团队的主任。
重宝,じゅうほう ①,珍视、便利,このナイフは料理に重宝しています。,这把刀在做饭时非常管用。
主要,しゅよう ⓪,主要,観光客は京都の主要な寺院を访れます。,游客们游览了京都的主要寺庙。
塾,じゅく ①,补习班,放課後、毎日塾に通っています。,下课后每天都去补习班。
順序,じゅんじょ ①,顺序,正しい順序で組み立ててください。,请按照正确的顺序组装。
出席,しゅっせき ⓪,出席,明日の会議には必ず出席してください。,明天的会议请务必出席。
正午,しょうご ①,正午,正午に学校のチャイムが鳴ります。,正午学校的铃声响了。
出版,しゅっぱん ⓪,出版,彼の新しい小説が来月出版されます。,他的新小说下个月出版。
主張,しゅちょう ⓪,主张、坚持,彼は自分の意見を強く主張しました。,他强烈主张自己的意见。
勝負,しょうぶ ①,胜负、比赛,最後の最後まで勝負はわかりません。,比赛不到最后不知胜负。
消費,しょうひ ⓪,消费,電気の消費を抑えるために節電します。,为了减少电力消费而省电。
手段,しゅだん ①,手段、方式,交通手段として自転車を使っています。,作为交通工具使用自行车。
症状,しょうじょう ③,症状,風邪の症状がひどくなってきた。,感冒的症状变得严重了。
主婦,しゅふ ①,家庭主妇,彼女は家事と育児をこなす専業主婦です。,她是兼顾家务和育儿的全职主妇。
正直,しょうじき ③,正直、老实,彼は自分の間違いを正直に認めました。,他老实地承认了自己的错误。
正当,せいとう ⓪,正当,それは正当な理由だと言える。,可以说那是正当的理由。
承認,しょうにん ⓪,承认、批准,契約内容が承認されました。,合同内容被批准了。
正面,しょうめん ③,正面,建物の正面に駐車場があります。,建筑物的正面有停车场。
消防,しょうぼう ⓪,消防,火事のときは消防車が来ます。,起火时，消防车会赶来。
証明,しょうめい ⓪,证明,彼の無実を証明したい。,想要证明他的清白。
消息,しょうそく ⓪,消息,彼の消息はまだわからない。,他的下落仍然不明。
商店,しょうてん ①,商店,この街には古い商店が多い。,这个镇上老商店很多。
書物,しょもつ ①,书籍,彼は多くの書物を持っています。,他拥有很多书籍。
承知,しょうち ⓪,知晓、同意,その件については承知いたしました。,那个件事我已经知道了。
情報,じょうほう ⓪,情报、信息,正確な情報を得ることが重要だ。,获取准确的信息很重要。
職場,しょくば ⓪,职场,新しい職場に慣れてきました。,已经适应了新的职场。
職員,しょくいん ②,职员,市役所の職員に尋ねました。,询问了市政府的职员。
職業,しょくぎょう ②,职业,将来の職業について考えよう。,考虑一下将来的职业吧。
食欲,しょくよく ⓪,食欲,暑さのせいで食欲がありません。,因为天热，没有食欲。
食料,しょくりょう ②,食料,非常時のための食料を準備する。,准备应急用的食物。
食料品,しょくりょうひん ④,食品、食料品,スーパーで食料品を買った。,在超市买了食品。 
助教授,じょきょうじゅ ③,副教授,彼は大学の助教授です。,他是大学的副教授。
助手,じょしゅ ⓪,助手,実験で助手を務めました。,在实验中担任了助手。
署名,しょめい ⓪,署名,这里に署名をお願いします。,请在这里签名。
報告,ほうこく ⓪,报告,調査の結果を報告しました。,报告了调查结果。
書類,しょるい ⓪,书类、文件,大切な書類をなくしてしまった。,丢了重要的文件。
進化,しんか ①,进化,人類は長い年月をかけて進化した。,人类经过漫长岁月进化了。
親戚,しんせき ⓪,亲戚,お正月に親戚が集まった。,元旦亲戚们聚在了一起。
新鮮,しんせん ⓪,新鲜,新鮮な野菜をたくさん食べたい。,想要吃很多新鲜蔬菜。
身体,しんたい ①,身体,強い身体を作るために運動する。,为了强身健体而运动。
心臓,しんぞう ⓪,心脏,緊張で心臓がどきどきした。,紧张得心跳加快。
慎重,しんちょう ⓪,慎重,慎重に計画を進めなければならない。,必须慎重推进计划。
信徒,しんと ①,信徒,彼は熱心なキリスト教の信徒だ。,他是一名虔诚的基督教徒。
進歩,しんぽ ①,进步,科学技術は急速に進歩している。,科学技术正在飞速进步。
親友,しんゆう ⓪,亲友、密友,彼とは中学生のときからの親友だ。,我和他从初中起就是密友。
信用,しんよう ⓪,信用,彼は誰からも信用されている。,他受到所有人的信任。
心理,しんり ①,心理,子供の心理を理解するのは難しい。,理解孩子的心理很难。
人類,じんるい ①,人类,人類は地球を守る責任がある。,人类有责任守护地球。
巣,す ①,巢、窝,木の上に鳥の巣がある。,树上有个鸟巢。
図,ず ⓪,图,この図を見て説明してください。,请看这张图进行说明。
数字,すうじ ⓪,数字,数字の間違いがないか確認した。,确认了数字有没有搞错。
滑る,すべる ②,滑、滑行,雪道で滑って転びました。,在雪地上滑倒了。
既に,すでに ①,已经,彼は既に帰宅していました。,他已经回家了。
姿,すがた ①,姿态、身影,彼の後ろ姿が小さくなっていく。,他的背影逐渐变小。
保存,ほぞん ⓪,保存,作成したファイルを保存してください。,请保存创建的文件。 
宛先,あてさき ⓪,收件地址,メールの宛先を間違えてしまった。,搞错了邮件的收件人。
湯,ゆ ①,热水,お風呂にお湯を入れました。,往浴缸里倒了热水。
救助,きゅうじょ ①,救助,事故現場で、負傷者の救助が行われた。,事故现场进行了伤员营救。 
給料,きゅうりょう ①,工资,彼は、毎月の給料を貯金している。,他把每月的工资都存了起来。 
休暇,きゅうか ⓪,假期,来週から、一週間の休暇を取ります。,从下周开始请一周假。
休憩,きゅうけい ⓪,休息,疲れたので、少し休憩しましょう。,累了，稍微休息一下吧。
調子,ちょうし ⓪,情况、状态,体の調子がいいので、散歩に行きます。,身体状态不错，去散个步。
受かる,うかる ②,考上、考中,努力の結果、志望校に受かりました。,努力的结果是考上了理想的学校。
浮く,うく ⓪,浮、漂,水に木の葉が浮いています。,水面上漂着树叶。
受ける,うける ②,接受、参加,来月、日本語能力試験を受けます。,下个月参加日语能力测试。
動かす,うごかす ③,移动、搬动,重い机を二人で動かしました。,两个人一起搬动了沉重的桌子。
動く,うごく ②,动、运行,この時計はもう動いていません。,这个表已经不走了。
牛,うし ⓪,牛,牧場でたくさんの牛が草を食べている。,牧场里有很多牛在吃草。
嘘,うそ ①,谎言,嘘をつくのは良くないことです。,说谎是不好的行为。
奪う,うばう ②,夺取、抢夺,彼は彼女の心を奪いました。,他夺走了她的心。
運賃,うんちん ①,运费、票价,バスと電車の運賃が値上がりしました。,巴士和电车的票价上涨了。
影響,えいきょう ⓪,影响,台風の影響で、電車が遅れています。,受台风影响，电车晚点。
営業,えいぎょう ⓪,营业,この店は、24時間営業しています。,这家店24小时营业。
衛星,えいせい ①,卫星,人工衛星が地球の周りを回っています。,人造卫星绕着地球转。
栄養,えいよう ⓪,营养,健康のために、栄養のバランスを考えます。,为了健康，考虑营养平衡。
笑顔,えがお ①,笑容,彼女の笑顔は、周りの人を幸せにします。,她的笑容让周围的人感到幸福。
描く,えがく ②,描绘、画,彼は将来の夢を絵に描きました。,他把未来的梦想画成了画。
餌,えさ ②,饵、饲料,公園で鳥に餌をあげないでください。,请不要在公园里喂鸟。
枝,えだ ⓪,枝、树枝,強風で木の枝が折れてしまいました。,强风把树枝折断了。
延期,えんき ⓪,延期,雨のため、試合は来週に延期されました。,因为下雨，比赛延期到了下周。
演技,えんぎ ①,演技,彼の迫力ある演技に感動しました。,被他有魄力的演技感动了。
援助,えんじょ ①,援助,途上国の発展を援助することが重要だ。,援助发展中国家的发展很重要。
演説,えんぜつ ⓪,演说、演讲,政治家が街頭で演説をしています。,政治家正在街头进行演讲。
演奏,えんそう ⓪,演奏,彼女はピアノを上手に演奏しました。,她出色地演奏了钢琴。
御祝い,おいわい ⓪,祝贺、礼品,友達の結婚のお祝いを贈りました。,送了朋友结婚的贺礼。
応接,おうせつ ⓪,接待、应接,応接室で、お客様をお待ちしています。,在接待室等候客人。
応対,おうたい ⓪,应付、接待,彼は電話の応対がとても丁寧です。,他接电话非常有礼貌。
応援,おうえん ⓪,助威、支援,自分の好きなチームを一生懸命応援する。,拼命为自己喜欢的团队加油。
王,おう ①,王,歴史の教科書で古い国の王について学ぶ。,在历史教科书里学习古代国家的王。
王子,おうじ ①,王子,童話の中の王子様が馬に乗って現れた。,童话里的王子骑着马出现了。
王女,おうじょ ①,公主,彼女は、その国の美しい王女です。,她是那个国家美丽的公主。
横断,おうだん ⓪,横断、横穿,道路を横断するときは、車に注意する。,横穿马路时要注意车辆。
終える,おえる ⓪,完成、结束,午後五時までに仕事を終える予定です。,计划在下午五点前完成工作。
お金持ち,おかねもち ③,有钱人,彼は成功してお金持ちになりました。,他成功后成了有钱人。
起きる,おきる ②,起床、发生,毎朝六時に起きるのが私の習慣です。,每天早上六点起床是我的习惯。
奥,おく ①,内部、深处,山の奥には、珍しい植物があります。,深山里有稀有的植物。
贈る,おくる ⓪,赠送,母の日に、カーネーションを贈りました。,母亲节送了康乃馨。
起こる,おこる ②,发生,地震が起こったときは、慌てないで。,发生地震时，不要惊慌。
押さえる,おさえる ③,压、按住,帽子が飛ばないように手で押さえました。,用手按住帽子以免被吹走。
幼い,おさない ③,幼小的、幼稚的,彼は幼い頃から音楽の才能がありました。,他从小就有音乐天赋。
お洒落,おしゃれ ②,时尚、爱打扮,彼女はいつもお洒落な服を着ています。,她总是穿着时髦的衣服。
お互い,おたがい ⓪,互相,困ったときはお互い様です。,遇到困难时互相帮助是理所当然的。
お宅,おたく ⓪,您府上、您家,明日の午後、先生のお宅を伺います。,明天下午去拜访老师家。
落ちる,おちる ②,落下、掉,木からリンゴが落ちました。,苹果从树上掉下来了。
落ち着く,おちつく ⓪,沉着、安定,深呼吸をして、心を落ち着かせました。,深呼吸，让心情平静下来。
夫,おっと ⓪,丈夫,私の夫は、銀行で働いています。,我的丈夫在银行工作。
訪れる,おとずれる ④,访问、到来,毎年多くの観光客が京都を訪れます。,每年都有很多游客访问京都。
お供,おとも ⓪,随从、陪同,私も一緒にお供してもよろしいですか。,我也可以一起陪同吗？
お握り,おにぎり ②,饭团,お昼におにぎりを三個食べました。,中午吃了三个饭团。
お願い,おねがい ⓪,请求、托付,先生に推薦状をお願いしました。,请求老师写推荐信。
帯,おび ①,带、和服带,彼女は和服を着て、綺麗な帯を締めた。,她穿上和服，系上了漂亮的带子。
お弁当,おべんとう ⓪,便当,毎日自分で作ったお弁当を持参します。,每天带自己做的便当。
思い切り,おもいきり ⓪,痛快地、尽情地,休み時間は思い切り遊びましょう。,休息时间尽情玩耍吧。
思い込む,おもいこむ ④,深信、固执地认为,彼は自分が正しいと思い込んでいます。,他固执地认为自己是对的。
思わず,おもわず ②,禁不住、不由得,美しい景色に、思わず声が出ました。,看到美丽的景色，不禁发出了声音。
主,おも ①,主要的,この町は、主に観光業で成り立っています。,这个城镇主要靠旅游业支撑。
親,おや ②,父母,親に感謝の気持ちを伝えることが大切。,向父母传达感激之情很重要。
泳ぐ,およぐ ②,游泳,夏休みは、海へ泳ぎに行きたいです。,暑假想去海里游泳。
下りる,おりる ②,下来、降下,電車から下りるとき、忘れ物に注意。,从电车下来时，注意不要忘带东西。
折る,おる ①,折、弄断,風で傘の骨を折ってしまいました。,伞骨被风吹断了。
俺,おれ ⓪,我（男性常用自称）,俺の言ったことを忘れないでくれ。,别忘了我说的话。
音楽家,おんがくか ③,音乐家,彼は世界的に有名な音楽家です。,他是一位世界闻名的音乐家。
温室,おんしつ ⓪,温室,温室で、珍しい熱帯の植物を育てている。,在温室里培育着稀有的热带植物。
温泉,おんせん ⓪,温泉,冬に温泉に入ると、体が温まります。,冬天泡温泉能让身体变暖。
温度,おんど ①,温度,水の温度を測ってから、お茶を入れます。,测量水的温度后再泡茶。
課,か ①,课、科,来週のテストは、第三課から出ます。,下周的考试考第三课。
会,かい ①,会、聚会,週末にクラスの会が開かれました。,周末举行了班级聚会。
回,かい ①,次、回,日本へ行くのは、これが三回目です。,这是第三次去日本。
会員,かいいん ⓪,会员,この図書館の会員になれば、本を借りられる。,成为这家图书馆的会员就能借书。
海岸,かいがん ⓪,海岸,海岸沿いをドライブするのは最高です。,沿着海岸开车是最棒的。
解決,かいけつ ⓪,解决,この問題は、話し合いで解決しましょう。,这个问题通过讨论来解决吧。
会合,かいごう ⓪,聚会、集会,地域のリーダーたちが会合を開きました。,地区的领导人们举行了集会。
改正,かいせい ⓪,改正、修正,法律が改正され、手続きが簡単になった。,法律修改了，手续变得简单了。
解説,かいせつ ⓪,解说、说明,専門家がニュースの内容を解説しました。,专家解说了新闻内容。
改札,かいさつ ⓪,检票,改札を通るときは、切符を準備して。,过检票口时，请准备好车票。
快適,かいてき ⓪,舒适、舒服,このホテルは、部屋が広くて快適だ。,这家酒店房间宽敞，很舒服。
解答,かいとう ⓪,解答、回答,正しい解答を、黒板に書いてください。,请把正确答案写在黑板上。
外部,がいぶ ①,外部、外界,この情報は、外部に漏らさないで。,不要把这个信息泄露到外界。
解放,かいほう ⓪,解放,長い苦しみから、ようやく解放された。,终于从长久的痛苦中解放出来了。
開放,かいほう ⓪,开放,日曜日は、学校の校庭が開放されます。,周日学校操场对外开放。
下位,かい ①,低位、下位,彼の成績は、クラスで下位の方だった。,他的成绩在班里属于下游。
介抱,かいほう ①,护理、照顾,酔い潰れた友達を、一生懸命介抱した。,拼命照顾喝醉的朋友。
買い物,かいもの ⓪,购物、买东西,週末は、スーパーへ買い物に行きます。,周末去超市买东西。
会話,かいわ ⓪,会话,日本人の友達と会話をするのが楽しみ。,期待和日本朋友进行会话。
返す,かえす ①,归还,借りたお金は、期日までに返します。,借的钱会在期限前归还。
帰り,かえり ③,回来、回家,仕事の帰りに、買い物に寄りました。,下班回家的路上顺便买了东西。
変える,かえる ⓪,改变、更换,自分の考えを、簡単には変えられない。,自己的想法无法轻易改变。
顔,かお ⓪,脸,彼女は、お母さんに顔がよく似ている。,她的长相和妈妈很像。
香り,かおり ⓪,香味、气味,部屋の中に、花のいい香りが漂っている。,房间里飘着花香。
画家,がか ①,画家,彼は、将来有名な画家になりたいそうだ。,听说他将来想当有名的画家。
価格,かかく ⓪,价格,野菜の価格が、最近上がっています。,蔬菜的价格最近正在上涨。
科学,かがく ①,科学,科学の進歩は、私たちの生活を変えた。,科学的进步改变了我们的生活。
化学,かがく ①,化学,彼は、大学で化学を研究しています。,他在大学研究化学。
鏡,かがみ ③,镜子,鏡を見て、ネクタイを整えました。,照着镜子整理了领带。
輝く,かがやく ③,闪亮、辉煌,夜空に、たくさんの星が輝いている。,夜空中闪烁着许多星星。
限る,かぎる ②,限于、最好,夏は、やっぱりビールに限るね。,夏天果然还是啤酒最棒。
描く,かく ①,画、描写,彼女は、美しい風景をキャンバスに描いた。,她在画布上描绘了美丽的风景。
各,かく ①,各、各个,各自、自分の荷物を持ってください。,请各自拿好自己的行李。
覚悟,かくご ①,觉悟、心理准备,失敗する覚悟は、もうできています。,失败的心理准备已经做好了。
確信,かくしん ⓪,确信、把握,私は、プロジェクトの成功を確信している。,我确信项目会成功。
確認,かくにん ⓪,确认,提出する前に、もう一度名前を確認して。,提交之前请再次确认名字。
学者,がくしゃ ⓪,学者,彼は、高名な物理学者として知られる。,他作为著名的物理学者而闻名。
学習,がくしゅう ⓪,学习,外国語の学習には、継続が不可欠だ。,学习外语，持续是不可或缺的。
隠す,かくす ②,隐藏,彼は、自分の失敗をみんなに隠した。,他向大家隐瞒了自己的失败。
拡大,かくだい ⓪,扩大,支店の網を、全国に拡大する予定です。,计划把分店网扩大到全国。
格別,かくべつ ⓪,特别、格外,今日のビールは、格別に美味しい。,今天的啤酒格外好喝。
確率,かくりつ ⓪,概率,明日雨が降る確率は、非常に高い。,明天下雨的概率非常高。
学力,がくりょく ①,学习能力、学力,毎日の復習が、学力の向上につながる。,每天的复习有助于提高学力。
学割,がくわり ⓪,学生折扣,学生証を見せれば、学割が使えます。,出示学生证就能使用学生优惠。
欠ける,かける ②,缺少、缺损,この茶碗は、端が少し欠けている。,这个碗的边缘缺了一点。
籠,かご ⓪,篮子、筐,籠の中に、たくさんのリンゴを入れた。,往篮子里放了很多苹果。
重ねる,かさねる ⓪,重叠、反复,努力を重ねて、ついに優勝を勝ち取った。,经过反复努力，终于赢得了冠军。
飾り,かざり ⓪,装饰、点缀,クリスマスの飾りを、部屋に並べた。,在房间里摆上了圣诞装饰。
火山,かざん ①,火山,日本には、たくさんの活火山があります。,日本有很多活火山。
賢い,かしこい ③,聪明、贤明,彼は賢いので、すぐに理解してくれた。,他很聪明，马上就理解了。
貸し,かし ⓪,借出、债,彼には、まだ五千円の貸しがあります。,他还欠我五千日元。
霞む,かすむ ⓪,模糊、看不清,遠くの山が、霧で霞んで見えます。,远处的山因雾气而显得模糊。
擦る,こする ②,擦、揉,目をこすりすぎて、赤くなってしまった。,揉眼揉得太厉害，变红了。
稼ぐ,かせぐ ②,赚钱、挣钱,留学費用を貯めるために、バイトで稼ぐ。,为了攒留学费用，打工赚钱。
数,かず ①,数量,参加者の数を、もう一度数えてください。,请再数一下参加人数。
態々,わざわざ ①,特意、好不容易,態々遠くから来てくれて、ありがとう。,谢谢你特意从远方赶来。
刀,かたな ③,刀、剑,博物館で、古い時代の刀を見ました。,在博物馆看了古代的刀。
塊,かたまり ⓪,块、堆,雪の塊を投げて、雪合戦をしました。,扔雪块玩了打雪仗。
片道,かたみち ⓪,单程,片道の切符を、二枚買いました。,买了二张单程票。
語る,かたる ⓪,讲述、说,祖父は、戦時中の体験を語ってくれた。,祖父为我讲述了战争期间的经历。
価値,かち ①,价值,この絵には、非常に高い価値があります。,这幅画具有非常高的价值。
活気,かっき ⓪,活力、生机,市場は、朝から活気にあふれています。,市场从早起就充满了活力。
学期,がっき ⓪,学期,今学期の授業は、これで全て終了です。,这学期的课程到此全部结束。
楽器,がっき ⓪,乐器,何か楽器が弾けるようになりたい。,想变得会弹奏某种乐器。
活字,かつじ ⓪,活字、印刷文字,私は、デジタルの本より活字が好きだ。,比起电子书我更喜欢印刷文字。
活动,かつどう ⓪,活动,週末は、ボランティア活動に参加します。,周末参加志愿者活动。
活躍,かつやく ⓪,活跃、表现出色,彼は、昨日の試合で大活躍しました。,他在昨天的比赛中表现非常出色。
活用,かつよう ⓪,活用、利用,知識を実生活に活用することが大切だ。,将知识应用到实际生活中很重要。
活力,かつりょく ①,活力,スポーツをすると、体から活力が湧く。,运动会让身体产生活力。
仮定,かてい ⓪,假定、假设,もし宝くじが当たったと仮定したら……,假设中了彩票的话……
家庭,かてい ⓪,家庭,幸せな家庭を築きたいと考えている。,考虑想要建立一个幸福的家庭。
課程,かてい ⓪,课程,博士課程を修了するために、論文を書く。,为了完成博士课程而写论文。
過程,かてい ⓪,过程,結果も大切だが、過程も重要ですよ。,结果固然重要，过程也很关键哦。
角,かど ①,角、拐角,交差点の角に、交番があります。,十字路口的拐角处有派出所。
奏でる,かなでる ③,奏响、弹奏,彼女は、美しいメロディーを奏でた。,她奏响了优美的旋律。
悲しい,かなしい ③,悲伤、难过,友達と別れるのは、とても悲しい。,和朋友分别非常难过。
悲しむ,かなしむ ③,悲伤、哀悼,彼は、ペットの死を深く悲しんでいます。,他对宠物的死感到深切悲痛。
金,かね ⓪,金、钱,金を貯めるのは、簡単なことではない。,攒钱不是件容易的事。
可能,かのう ⓪,可能,努力すれば、夢をかなえることは可能だ。,只要努力，实现梦想是可能的。
加熱,かねつ ⓪,加热,肉をしっかり加熱してから食べて。,把肉彻底加热后再吃。
被る,かぶる ②,戴（帽子）、蒙,帽子をかぶって、外出しました。,戴上帽子出门了。
花粉,かふん ⓪,花粉,春は、花粉症で悩む人が多いです。,春天为花粉症困扰的人很多。
構う,かまう ②,介意、照顾,どうぞ、お構いなく。,请别客气，别管我。
我慢,がまん ①,忍耐、克制,痛みを我慢して、最後まで走りました。,忍住疼痛跑到了最后。
神,かみ ①,神,多くの人が、神社で神に祈ります。,很多人在神社向神祈祷。
髪,かみ ②,头发,彼女は、髪が長くてとても綺麗だ。,她头发很长，非常漂亮。
噛む,かむ ①,咬、咀嚼,ご飯は、よく噛んで食べましょう。,吃饭时要细嚼慢咽。
通う,かよう ⓪,通学、通勤、往来,毎日、電車で一時間かけて学校に通う。,每天花一小时坐车去学校。
空,から ①,空、空虚,バッグの中は、空っぽでした。,包里是空的。
柄,がら ①,花纹、图案,彼女は、派手な柄のドレスを着ている。,她穿着一件花纹华丽的连衣裙。
辛い,からい ②,辛辣,このカレーは、辛すぎて食べられない。,这咖喱太辣了，吃不了。
体,からだ ⓪,身体,健康のために、体を動かしましょう。,为了健康，让身体动起来吧。
身体,しんたい ①,身体、身躯,身体検査を、年に一度受けます。,每年进行一次身体检查。
借り,かり ⓪,借入、欠债,友達に、千円の借りがあります。,欠朋友一千日元。
刈る,かる ⓪,剪、割,庭の芝を、きれいに刈りました。,把院子的草坪修剪得很整齐。
軽い,かるい ⓪,轻的,このバッグは、軽くて持ちやすい。,这个包很轻，很好拿。
枯れる,かれる ⓪,枯萎,水をあげなかったので、花が枯れた。,因为没浇水，花枯萎了。
可愛がる,かわいがる ④,疼爱、宠爱,祖父母は、孫をとても可愛がっている。,祖父母非常疼爱孙子。
可愛い,かわいい ③,可爱,赤ちゃんは、寝顔もとても可愛い。,婴儿睡觉的样子也非常可爱。
交わす,かわす ⓪,交换、交谈,近所の人と、挨拶を交わしました。,和邻居交换了问候。
代わり,かわり ⓪,代替、补偿,病気の先生の代わりに、授業をしました。,代替生病的老师上了课。
変わる,かわる ⓪,改变、变化,時代が変わっても、大切なものは同じ。,即使时代变了，重要的东西依然不变。
乾く,かわく ②,干、干燥,洗濯物が、天気がいいのでよく乾く。,因为天气好，洗的衣服干得很快。
乾かす,かわかす ③,弄干、晾干,ドライヤーで、濡れた髪を乾かした。,用吹风机吹干了湿头发。
考える,かんがえる ③,考虑、思考,将来のことについて、真剣に考える。,认真考虑未来的事情。
感覚,かんかく ⓪,感觉,寒さで、指先の感覚がなくなった。,因为冷，手指尖没感觉了。
歓迎,かんげい ⓪,欢迎,新入社員を、みんなで歓迎しました。,大家一起欢迎了新职员。
官庁,かんちょう ①,官厅、政府机关,彼は、官庁街で働いています。,他在政府机关街工作。
感謝,かんしゃ ①,感谢,先生のご指導に、深く感謝します。,对老师的指导表示深切感谢。
患者,かんじゃ ⓪,患者、病人,病院の待合室に、多くの患者がいる。,医院候诊室有很多病人。
勘定,かんじょう ③,结账、计算,レストランでお勘定を済ませました。,在餐厅结完账了。
感情,かんじょう ⓪,感情,怒りの感情を抑えるのは難しい。,抑制愤怒的情感很难。
観賞,かんしょう ⓪,观赏,庭の花を、ゆっくり観賞しました。,悠闲地观赏了院子里的花。
鑑賞,かんしょう ⓪,欣赏（艺术品）,週末は、映画鑑賞をするのが趣味です。,周末欣赏电影是我的爱好。
関心,かんしん ⓪,关心、兴趣,私は、日本の歴史に強い関心がある。,我对日本历史有浓厚兴趣。
感心,かんしん ⓪,佩服、赞赏,彼の親切な行動には、本当に感心した。,对他热心的行为真心感到佩服。
観客,かんきゃく ⓪,观众,会場は、超満員の観客で埋まった。,会场挤满了爆满的观众。
感動,かんどう ⓪,感动,その映画を見て、深く感動しました。,看那部电影，深受感动。
監督,かんとく ⓪,导演、监督,映画監督が、新しい作品について語った。,电影导演谈论了新作品。
管理,かんり ①,管理,寮の管理人は、とても親切な人だ。,宿舍管理员是个很热心的人。
完了,かんりょう ⓪,完成、结束,準備が全て完了しました。,准备工作全部完成了。
慣れる,なれる ②,习惯,日本の生活に、ようやく慣れてきた。,终于习惯日本的生活了。
木,き ①,树、木头,庭に大きな桜の木があります。,院子里有一棵很大的樱花树。
気,き ⓪,气、心情,彼は、とても気が短い性格だ。,他是个急性子。
黄,き ①,黄色,秋になると、銀杏の葉が黄色になる。,到了秋天，银杏叶变黄。
期,き ①,期、期间,試験の準備期間は、あと一週間だ。,考试准备期间还剩一周。
害,がい ①,害、危害,タバコは、体に害を及ぼします。,吸烟对身体有害。